{
  "media\\9eb7657706c9c643e0e22c1bd5e48a89_cuud0pte878c73dfj4vg_video.mp4": {
    "usage_count": 4,
    "last_used": 1753140502.5532093,
    "first_used": 1753134027.4492435
  },
  "media\\348158041051283459.mp4": {
    "usage_count": 2,
    "last_used": 1753140213.7932837,
    "first_used": 1753139855.8865535
  }
}